,Unnamed: 0,sentence,record_type,keyword,loss,wctc_loss,pred_strings
237,4,láɾl̀à ðə́ɟíðɔ́ dìjɔ́ nd̪ɔ̀bà,negative,ðɔ̀mɔ̀cɔ̀,595.895263671875,49.94258117675781,bbbbbbbbbħbbbbbbbbbbbbbbbb<blk><blk>bbb<blk>bʷbbɒbʷɒɒɒɒɒɒɒɒbɒʎɒɒɒɒɒʷɒɒɒɒbʎbɒbbbʎɒɒbʛɒbʷʎbɒbbǂɒɒɒʎɒbɒʎʷʷʎbbbʎbb<blk>bbbbbbbbb<blk>b<blk>bbbbbʎɒ<blk>bb<blk>bbbb<blk>bbɒbɒɒɒɒbʎʷɒbʷʷbʎbbɒbbb<blk>bɹʎʎbʎbʎbʷʷbʎʷb<blk><blk>bʛbbbbbbbbɦ<blk><blk><blk><blk><blk><blk><blk>b<blk><blk>ɹ<blk><blk><blk><blk>b<blk><blk><blk><blk>b<blk>b<blk><blk><blk>b<blk><blk>b<blk>b<blk><blk>b<blk>b<blk><blk><blk>b<blk>b<blk><blk><blk><blk><blk><blk>b<blk><blk><blk><blk><blk><blk><blk>bb<blk><blk>bb<blk><blk><blk>b<blk><blk><blk><blk><blk><blk>b<blk><blk>bb
186,0,jít̪ɔ́ ílí lɔ́ɽá ŋìðìjí kə̀r̀nà kàɾó ŋgá ŋgá jájàt̪à ɛ̀ðɛ̀,negative,ðɔ̀mɔ̀cɔ̀,1155.2047119140625,51.15118408203125,ǂǂǂʎǂʟǂǂǂǂǂǂbǂǂǂǂǂǂǂǂǂǂǂǂǂǂǂʷʎǂǂǂǂǂʜǂǂǂ̩ǂʜǂǂʜǂ̩ǂǂʜǂʜǂʜǂbʜǂǂǂǂǂǂǂǂǂǂǂʷǂʎʷǂǂǂǂǂǂǂǂǂǂǂǂɸʟʜtʎʎbbʷǂʎǂǂǂǂǂǂǂǂǂǂǂǂǂǂǂǂ̩ʜǂǂiǂǂǂǂǂǂǂǂǂǂ̩ǂʷʎǂʎǂǂʷǂǂ̩̩̩ǂǂǂǂǂɗɗbɑbgǂǂǂǂʷǂǂʎʜbbǂiɗɑǂǂǂǂiǂǂǂǂǂǂǂǂǂ̩ʜǂǂǂǂǂǂǂǂǂǂǂǂǂǂǂǂǂǂʎoʎǂʷǂǂʎǂǂǂʷǂǂʜǂǂǂǂǂǂǂǂǂǂ̩ʎɑǂǂǂǂǂǂǂǂǂǂbbǂ̩iiǂǂʷǂǂʷǂǂǂǂǂǂǂǂ̩̩ǂʷǂǂǂǂǂʷǂǂǂǂǂʷi
225,2,kɛ́cɛ́cí rɔ̀mɔ̀cà ŋɔ̀mɔ̀ t̪ɔ́wɜ̀nì,close_negative,ðɔ̀mɔ̀cɔ̀,422.2344970703125,51.17804336547852,bbbʷbɒbbʷǂʷʷ<blk>ɒʷbɑbɒbʷɒʷɒʷɒɒʷʷɒʷʷɒbbbʷbʷɒbɒɒʎ<blk>ɹ<blk>ʎbb<blk><blk>b<blk>bbb<blk>bbbbbbɒʎbbɒbbʷʷbʷbʎɹʷʎ<blk><blk><blk>b<blk>b<blk>bbbbɹbʎɹbbɹɹbbʎʎbɹbbb<blk>b<blk>bbbbbʷʷbɒʎbʎbbb<blk>ɒb<blk>b<blk>bɹ<blk>b<blk>b<blk><blk><blk>
137,9,náŋà íjɔ́,negative,ðɔ̀mɔ̀cɔ̀,186.2503967285156,51.1804313659668,b<blk>b<blk><blk>b<blk>bbb<blk>bbb<blk>bbʎʷ<blk>bbʎb<blk>ʎɒ<blk>b<blk>bbbb<blk>bbbbbb<blk>bbbbbbɒbʷbbbbb<blk>b<blk>b<blk>b<blk>bbb<blk><blk>b<blk>b<blk><blk><blk>
231,8,jáɽó lɔ́mɔ̀ káɾɛ̀ kúɽì,negative,ðɔ̀mɔ̀cɔ̀,416.2330627441406,51.43404006958008,bbbbbbɒʷʷʷɒɒɒɒɒɒɒbɒʷɒbʷɒɒʟɒɒɒbʷɒɒɒɒʎbɒbʎʷɒbʷbɹʷʷoʷbʷɒʎɒɒʷɒɒʷʷǂɒɒʷɒɒɒǂʷbɒǂɒɒbbɒɒɒb<blk>ʷbbbbbbbbbbbɒ<blk>ɒɒɒɒɒɒɒbɒbʷɒɒʷɒɒbɒbbb<blk>bbb<blk>bħb<blk><blk><blk><blk><blk><blk>bb<blk><blk><blk><blk>b<blk><blk><blk>
230,7,kúkù kà ðát̪ɛ̀ ɛ̀ðɛ̀ ánó dún,negative,ðɔ̀mɔ̀cɔ̀,291.3389892578125,51.46862411499024,bbb<blk><blk><blk><blk>bb<blk><blk><blk><blk><blk>bɹ<blk><blk>bb<blk>b<blk><blk><blk><blk><blk>bb<blk><blk><blk>b<blk>bb<blk>bbbbb<blk>bbbbbʎbbbʎbb<blk>bbbbb<blk>bbbbbb<blk>bbbb<blk><blk>bbb<blk>bbbbbb<blk>bbbbbbbbbʎbʎbbbbbbb<blk>bbbbbbbbbbbbb<blk>ɹɹbb<blk><blk><blk><blk><blk>bb<blk>b<blk><blk>b<blk>bɹ<blk><blk>
167,22,tútɔ́,negative,ðɔ̀mɔ̀cɔ̀,101.37088775634766,51.48334884643555,bbbbbbʟbɒʎʎbʎʎʎbbbbbʷbʷbb<blk>bʷbbbb<blk><blk>b<blk><blk>b<blk><blk>bb<blk><blk><blk><blk><blk><blk>bb<blk><blk><blk><blk><blk><blk><blk>b<blk><blk><blk><blk>
122,2,èmàɽðɛ́n kə̀rŋìt̪ú ðɔ́mɔ̀cà,close_negative,ðɔ̀mɔ̀cɔ̀,491.8307189941406,51.62311172485352,<blk>b<blk>b<blk>ɹ<blk><blk>bbbbbbbʷɒbbʷbbʷʎɒbʷʷbbʷʷʷɒɒɒɒɸɒɒbɒʷɒɒbʷʷ<blk>b<blk>bʎʎb<blk>bʎbbʷbbbbʷʷʎʷbɒbbʷbbʷbbbbbbɒʷʷʷʷɑʷʷɒʷʷʷbbbbbbbbbbʷʷbbɒʷɹɒoɒɒʷʷʷʷbbbɒʷbbɒʷbbbbbbbbb<blk>ɹbbbbbbbb<blk><blk>bbbbbb<blk>ɹ<blk>b<blk>
194,7,ŋgá ɔ̀ɽɟɛ̀cá ánó nd̪ɔ̀bà,negative,ðɔ̀mɔ̀cɔ̀,316.7836608886719,51.64086151123047,bb<blk>bbbbbɒɹʎʎɒbbɒɒbɒɒɒɒʷɒɒbɒɒɒɒʷbɒbbbbbbɒbʎbbbbbbʷbɒʷǂbɒbʎɒɒɒʎɒʎɒbzʎʎʎbbʎɒɒɒʷɒʎʷɒɒʎɒbɒɒbbbbbbbɹ<blk>b<blk>b<blk><blk>b
170,25,ḿɔ́,negative,ðɔ̀mɔ̀cɔ̀,77.57951354980469,51.7582893371582,bbbbbʎb<blk>ʎɒɒɒʷʷbɒbbbbbbbb<blk><blk>bb<blk><blk>bb<blk>b<blk><blk>bb<blk><blk><blk>b<blk><blk><blk><blk><blk><blk><blk><blk><blk><blk><blk>bb<blk><blk><blk>bb<blk><blk>
127,7,ɛ̀làɽà kə́ðìɲɔ̀ mùðù nd̪ɔ̀bà,negative,ðɔ̀mɔ̀cɔ̀,531.8408203125,51.7593002319336,bʷɒbʷʷɒɑɒɒɒɒɒɒɒɒɒɒɒɒɒʷǂʷʷbʷɒbʷbbɒǂɑɒǂʷɒɒɒʷɒɒɒɒʷʷǂɒɒǂǂɒǂɒɑɒɒɒʷɒǂɒ<blk>bbb<blk>bb<blk>b<blk><blk>bbbbbbbbbbbbbbbb<blk>bbbbɒɒɒɒɒɒʷɒɒɒʎɒɒʷɒɒǂɒɒɒʷɒʷɒʷɒɒɒɒɒɒɒʷɒɒʜɒǂɒɒɒʷb<blk>bb<blk>b<blk><blk><blk><blk><blk><blk><blk><blk><blk><blk><blk>bb<blk><blk><blk><blk>
141,13,ŋìðɛ̀ní ŋə̀ɽà ká t̪ólé,negative,ðɔ̀mɔ̀cɔ̀,206.84202575683597,51.8001708984375,bʎbb<blk><blk>bbbbbbbbbbɒbbʷzbʎʷbɒɒɒbbʎʟbʷbb<blk>ɒbbbbʎbbbbbɒbbʎʟɒʷbbʎbbbbbb<blk>bb<blk><blk><blk><blk><blk>b<blk>
195,8,və́lɛ́cí kúkùŋú,negative,ðɔ̀mɔ̀cɔ̀,287.3211975097656,51.87992858886719,<blk>bbbbbbʷbbɒʎɒɒbbʷbbbɒbbbɹʟbbʷɒʷʷbbbbbɒbɒbɒbbbb<blk>bbɹbbbbbbbbbbb<blk>bbbbbbbbbbbbbɹ<blk>bbbʎɒʎʎbʎɒʷbbbbbɒbʎ<blk><blk><blk><blk><blk>
224,1,ðɛ́t̪ɜ́líŕ ðɔ̀là,negative,ðɔ̀mɔ̀cɔ̀,426.6184387207031,51.9000244140625,<blk>b<blk>bbb<blk>bbbbbbbɒb<blk>ɒbbʷʷʷʷʎbb<blk><blk>bbbɒʷbǂʎɒǂɑʷɑɒɒʷɒʷbɒǂɑɒʷɒɒǂɒɒɒʷʟʷʷɒʎbbʎbʎb<blk>bb<blk>bbbbbbbbbbb<blk><blk>bbbb<blk><blk><blk>bb<blk>bbb<blk>b<blk>bbbbb<blk>b<blk>ʎɒɒɒɒɒbbbbbɒʷɒɒbbɒbɒbʎbbbʟʎb<blk>
164,19,ámácí,negative,ðɔ̀mɔ̀cɔ̀,124.6098403930664,51.949256896972656,ʷʷbʷɒbʷbɒʎbɒɒbbʎbbbbbbbbǂǂɒɒbɒbbbɹ<blk>bðɹ<blk><blk><blk><blk><blk>bbb<blk><blk><blk><blk><blk><blk><blk><blk><blk><blk><blk><blk><blk>ɹb<blk>
125,5,àn ɔ́ɟɔ́ kə́ŋàcí kúkù ðɔ̀ndà,negative,ðɔ̀mɔ̀cɔ̀,383.6984252929688,51.95156478881836,<blk>b<blk>b<blk>bbbbbbbbbbʎbbbbbbbbbbbbbbbbbbʷbbʷbbbb<blk>b<blk>bʷbbb<blk><blk>bbbbb<blk>bb<blk><blk>ɛbbbbbbbbbbbbbbbbbbbbbbbbb<blk>bbbbbbʎb<blk>bbb<blk><blk><blk>bbbbbbbbbb<blk>bbb<blk>b<blk><blk>bbbbbʎbbbbbb<blk><blk><blk>bbbbbb<blk>ɔbb<blk><blk>b<blk><blk><blk>ɹbb<blk><blk><blk>bb
205,5,kə̀ŋàcáŋá,negative,ðɔ̀mɔ̀cɔ̀,336.2050170898437,51.95939254760742,<blk><blk>bbbb<blk>bɒʎbb<blk>ɒbɒbbɒɹʎɹbbbʷɒɒɒɒʷʎɒʎɒbɒʷɒʎɒʎɒɒɒʎʎɒʎɒɑʎbʷɑʎʎbʎbʟbʎbbbbbbbbbb<blk>bb<blk>bb<blk>bbbbbbbɒʎʎbbbbbbbbʎb<blk>bbʎ<blk><blk>ʎ<blk>
180,9,álá ɾɔ́ðà,negative,ðɔ̀mɔ̀cɔ̀,236.0734100341797,52.02058029174805,<blk>bbbbbbbɒɒʷɒɒʷʷbʷɒɒɒbɒʷʷɒʷɒʷɒʎbɑbbʷbbb<blk>bbbbb<blk>b<blk><blk>b<blk>b<blk>bbb<blk>bɒbbbbɒbb<blk>bɒɒɒbǂbbbʷobbʎ<blk>bb<blk><blk>bbɹ<blk><blk>
147,2,ðìjɔ̀ ðìcə̀lò,negative,ðɔ̀mɔ̀cɔ̀,193.2152404785156,52.13712692260742,bb<blk>b<blk>ɹbbɒbbbbʷɒɒɒɒʷɒɒɒʷɒbʷʷɒʷɒbɒɒʷʟbɒᶑɒbbɒɒɒɒɒɒɒɒbbbbbbbbbbbbb
235,2,ðɔ̀mɔ̀cɔ̀ ðápàt̪ɛ̀ àpɾíɲá ɛ̀ðɛ̀ ùnɛ́ɾɛ́,positive,ðɔ̀mɔ̀cɔ̀,647.977783203125,52.14878082275391,bbbbbbʷɒbʎʎbbbbʎbʎɒbbʷbobbb<blk>bʷbbɒʷwʎʷʷbɒbbbb<blk>bɹbbbbbbɒbɑbʎbʷɒbɒbɒɒɒʷʎʷbʷbbbbɒʷʎɒɒbʷʷʷbɒɒbbʷɒbbbbʎbʷʷbɒʷɒɒbbbʷbɒʷɒɒɒɒʷbɒʷʎɒʷʎbʎʎfbbb<blk><blk>bbbbb<blk>bbb<blk>bɒbbbbʷbʷbbɒʷɒbbʷb<blk>ʎɒʷbbɒbʎbbbʷʎbbɒbbʷǂbbʷɒʷʷbbbbbbbb<blk>ɹ<blk><blk><blk><blk>b<blk><blk><blk>b<blk>b<blk><blk><blk><blk><blk>bb<blk><blk><blk>b<blk><blk><blk><blk><blk><blk>b<blk>b<blk><blk><blk><blk><blk><blk>b<blk><blk>b<blk>b<blk><blk><blk>b<blk>b<blk><blk><blk>b<blk><blk><blk><blk>b<blk>
232,9,kìjɔ́ ŋɔ́mɔ̀ nɛ̀ ŋáɽà lə̀bú nàré únɛ́ɾɛ́,negative,ðɔ̀mɔ̀cɔ̀,321.8858947753906,52.24369430541992,bbb<blk>bbb<blk><blk>bbbbb<blk>bʎbbbbb<blk>ʎbʎ<blk><blk>ʎbbbbʎbbbb<blk>bbbʷʎbbʎbbʷʷbɒɒɒʷɒʷɒʷʷbɒʷʎbʎ<blk><blk><blk>b<blk>bbbbbbbbbbʎbb<blk>bbbbʎbɒʎbbb<blk>bʎbbbbbbbbb<blk>bbbb<blk>bɹ<blk><blk><blk><blk>b<blk><blk>b<blk>b<blk><blk><blk>b<blk>bbb<blk>b<blk>b<blk>b
202,2,là áɾðɛ̀ ìrɔ́ ùnɛ́ɾɛ́,negative,ðɔ̀mɔ̀cɔ̀,343.3519592285156,52.24915313720703,bbb<blk>bbbbbb<blk>bbb<blk>b<blk>ʷʷbbʛbʎzʷɒɒbʷʷbbbɒʎɒʷʷɒɹʷʷbʎɒʎbɒʷɒʎɒbbʷbʷb<blk>bɒbɒɒʷbbʷbbɒb<blk>bɒɒbbbbɒɒɒɒɒbɒɒʟʎbʎɒɒɒʷbʷbʷʷɒbbbbb
140,12,rə̀mt̪ kìcə̀lò,negative,ðɔ̀mɔ̀cɔ̀,189.1968536376953,52.27141571044922,<blk><blk>bbbbbbʷɒʷɒɒʎɒɒbʎb<blk>bbbb<blk><blk>bbbbbbɒbb<blk>bbbbbbbbbʟbbʷ<blk>bbʎb<blk>ʷbbbbbbbb<blk>bbb<blk>b<blk>b<blk><blk>
124,4,àpìt̪ɔ́ rɔ̀mɔ̀cà ðɔ̀ndà,close_negative,ðɔ̀mɔ̀cɔ̀,487.2823181152344,52.27800369262695,bʎʷɒʷbɒbɒbbʷbbʷbʎbɒɒɒᶑʷɑɒɒʷɒʷɒʷʷbbbbbbbbɒɒɒbɒbʷbʎbbbbbbbʎɒʷbbbbɒbbbbbɒbbɒɒɒɒʷbʷʷʎʎbɒbʷʎb<blk>ʎb<blk>bʟbʟbɹbb<blk>bbbbbbbbbbbbb<blk>bb<blk>bbʷʎbbbbɒɒʎɒbʷɒɒɒbbbbʎbʎʎɹ<blk><blk>bbbbbb<blk><blk>b<blk><blk><blk><blk><blk>b
165,20,íjɔ́ ɛ́ðɛ̀,negative,ðɔ̀mɔ̀cɔ̀,115.36150360107422,52.3000373840332,bbbbbbbbbbbbb<blk>ʷbɒɹɒbbbbbbʟbbbbʟb<blk><blk>b<blk>ɹɹ<blk>bb<blk>bbb<blk>b<blk><blk><blk>b<blk><blk><blk>bbbb<blk>b<blk><blk>
189,2,ɛ́là ðínd̪ɔ̀t̪ɔ̀ ɛ̀là nd̪ɔ̀bà,negative,ðɔ̀mɔ̀cɔ̀,323.0010986328125,52.34993743896485,bbbbbbbbbǂʛʷʷɒɒʎbɒɒɒʷɒɒɒɒɒbɒɒbbʷbʎɒɒbbbbʷʷʷbʎbbbɒʟbɑ<blk>ɒɒbbbɒboʷbbɒbbɒʎbɒbbbɒ<blk>ɒɒbɒbʎɒbbbbʎbbbʎbʎbbbbʷwʷ
234,1,ðɔ̀mɔ̀cɔ̀ ðə̀bùlìjí ápɾíɲá,positive,ðɔ̀mɔ̀cɔ̀,739.34765625,52.37548828125,bb<blk>bb<blk>bbbɒbɒɒʎɒʷɒɒʷɒʷɒʷʷɒɒɒʎɒʷɒob<blk>bbʷbʷbɒɒǂʷʷǂʎɒbɒʷɑɒʷʷʷʷɒʷɒbʎɒwbbʷbʷʎʎbbʎbb<blk>bbbbbbbbbbbbbʎbbbbbbbbb<blk>bbbbbbbbbb<blk>bbb<blk>bbbbʎbbʷɒbbʎ<blk>bb<blk>bbbbɒɒbɒɒɒʎbɒʷʎbbʷbbbɒbɒbǂbbbbbɒbbbbɒbbɒɒʷɒʎbbʎɹbb<blk><blk>b<blk><blk>bɒɒbʷbʷbbbbɑbʷʷʷʷ<blk>ɒɒʷʷʷɒʷɒǂʷɒɒʎɒʎɑʟɹɒʎɹɹɹb<blk><blk><blk><blk>b<blk><blk>bbb<blk><blk><blk><blk><blk><blk>b<blk><blk><blk><blk><blk><blk>b<blk><blk><blk><blk>
179,8,lòtùwɛ́l lìcə̀lò,negative,ðɔ̀mɔ̀cɔ̀,287.8904113769531,52.38887786865234,bʟ<blk>ʎbʟbbbbbbbbb<blk>ɒɒɒbʷɒbɒɒɒbʷɒbʎʎʷɒɒɒʷɒʷʷɒɒɒɒɒɒɒɒɒɒɒbɒɒbʷɒɒɒɒɒbɒʎɒʷɒɒɒɒɒʷbʎǂɒɒbbɹbʎbʎb<blk>ɹ<blk><blk>b
168,23,ìbɛ́j,negative,ðɔ̀mɔ̀cɔ̀,77.32814025878906,52.43207550048828,b<blk>b<blk><blk>bbbbb<blk>bb<blk><blk><blk>bbbbbbbbʎ<blk>b<blk><blk><blk><blk><blk><blk><blk><blk>b<blk><blk><blk><blk>b<blk><blk><blk><blk>b<blk><blk>b<blk><blk><blk>bb<blk><blk><blk><blk><blk><blk>b<blk>
162,17,áɾðɔ́ t̪ɔ́wɜ̀nì,negative,ðɔ̀mɔ̀cɔ̀,146.05250549316406,52.47493362426758,bbbɒɒɒɒɒɒɒʷɒɒɒɒoɒbʎbbbbɒɒɒʎʎbb<blk>bʷʷɒfɒʷɒʷb<blk>bb<blk>bɹ<blk><blk><blk><blk><blk><blk><blk><blk>b<blk><blk>bb<blk>b
146,1,àŋá óló,negative,ðɔ̀mɔ̀cɔ̀,199.08306884765625,52.4798583984375,ʷɑʷbbbbʷʷb<blk>ʎɒ<blk>ʷɒʷɒɒʎʷʷɸʎɑʷɑʷbɑbɑɑʷ<blk>ʎʷbʷʷbʷɒbɒʎbb<blk>bʷbb<blk>bbbbbbbb
215,3,kúkù káwàt̪à nɛ̀ lə̀və́r nd̪ɔ̀bà,negative,ðɔ̀mɔ̀cɔ̀,280.4219665527344,52.48825073242188,b<blk><blk>bb<blk>bbbbbb<blk>b<blk><blk><blk>bbbb<blk>b<blk>bbb<blk>bb<blk>bbb<blk>bbbbbbbbbb<blk>bɑbʎbbbbbbʷbbbbbʎʷbbbbʎb<blk>bbbb<blk>bbb<blk>bʎb<blk>bb<blk>bbb<blk>bbʎ<blk>b<blk>b<blk>bbbb<blk>bbbɹbbbbbbb<blk>ɹ
145,0,lá vr̀ðìnɔ́ nd̪ɔ̀bà,negative,ðɔ̀mɔ̀cɔ̀,192.8687286376953,52.52546691894531,b<blk>bbbbʷǂbbbɒbbbbbbbb<blk>bbbʎɒʷɒbʷbʷbbbbbbbɒbʷɒbɒbbbʎb<blk><blk>bʎ<blk>ʎbbbbʎb
159,14,ðólá t̪à,negative,ðɔ̀mɔ̀cɔ̀,135.16552734375,52.53329086303711,<blk>b<blk>bbbbbbbbʷʷbbbɑbbbɒbbbbɸbb<blk>bbbbbbbb<blk>b<blk>b<blk>b<blk>bb<blk>b<blk>ɹ<blk><blk><blk><blk>bb<blk><blk>b<blk><blk><blk>
213,1,àn lə́vàvɾì lá ɛ́làɽà dɔ́ŋðɛ̀,negative,ðɔ̀mɔ̀cɔ̀,450.7497253417969,52.54339599609375,ʷbbʟbbbbǂᶑɒɒɒɒʷɒɒɒɒʷʷɒɒbɒʷʷɒɒɒʷʷɒɒɒɒǂɒɒǂɒɒɒɒɒǂʎʟᶑɒʷɒɒɒʷɒɒɒɑɒɒɒɒɒʷɒɒɒǂǂǂɒɒǂɒɒɒɒᶑɒɒɒɒɒbɒɒɒɒɒɒɒɒɒʷɒɒɒɒɒʷɒɒɒɒɒɒɒɒɒɒʷɒɒɒʷs
160,15,ját̪ɔ́ ŋɔ̀mɔ̀,negative,ðɔ̀mɔ̀cɔ̀,148.8084716796875,52.56160736083984,bb<blk>bbɒbbʷɒbʷbbbʷʷɒɒʷɒɒɒɒʎbɒʎɒɒɒbɒʎɒ<blk>ɒbbbb<blk>bb<blk>ʎ<blk>b<blk>b<blk>bb<blk>b<blk><blk><blk><blk><blk>bb
219,7,àn ɔ́ndì kíjɔ́ŋ ùnɛ́ɾɛ́,negative,ðɔ̀mɔ̀cɔ̀,357.0780944824219,52.56409454345703,bbbʷbbb<blk>b<blk>bbbʷbbbɒʷʷbbɒɒʛbbɒ<blk>bbbbʷbʷɒʷɒbbɒɒɒʷʷʷʷʷʷʷɒʷʷɒʷbbbʷʎbbbbb<blk>bbbɹbb<blk>bbbbbbɹʎʎbbbbʎbbbʷɒbbbbbɒbɒɒʷʎbʎbbbb<blk><blk><blk><blk><blk>b<blk>
155,10,ðíbíl ðìcə̀lò,negative,ðɔ̀mɔ̀cɔ̀,159.99986267089844,52.57477569580078,bbbbbbbbbbbɒʎʎbʷbbǂʟɒʷbbbbbʎbbbɒbbbbbbʷb<blk>b<blk><blk>ɒb<blk>ʎb<blk>bb<blk>bʎb<blk><blk><blk>b<blk><blk>
228,5,jɛ́kàɾó lòlá lɛ́ ðɔ̀mɔ̀cɔ̀,positive,ðɔ̀mɔ̀cɔ̀,454.28363037109375,52.58594512939453,bb<blk><blk>bbʷbɒɒǂɒɒɒǂɒʷɒɒbʷʷɒʷɒɒǂɒʷɒɒʷʷʷfʷʷɒɒɒʷɒʷɒɒɒʷbʷʎbɒɒbbʷʷɒɒbʎɒɒɒʷʷɒʷʟʷbʟbbb<blk>bbɒbɒbʷbɒʷʷbɑɒʷɒʷʎbɒ<blk>bbbʷʎbʎbʷbbbbʷbbbʷbbbbbɒʎʎbb<blk>b<blk>bb<blk><blk>ɑb<blk><blk><blk>b<blk><blk>b
166,21,jájít̪ɔ́ ɛ̀ðɛ̀,negative,ðɔ̀mɔ̀cɔ̀,108.78176879882812,52.59352111816406,bbɒbɒɒɒɒb<blk>bbbbbbbɒɒɹbʷbʷbɒʷbbbbbbʎ<blk>ɹb<blk><blk>b<blk><blk><blk><blk><blk><blk><blk>bb<blk>b<blk><blk>b<blk><blk>b<blk><blk>bbb
214,2,jínít̪ɔ́ ðɔ̀ndà ðɛ́ ðɔ̀mɔ̀cɔ̀,positive,ðɔ̀mɔ̀cɔ̀,360.5110168457031,52.60468292236328,bbbbbb<blk>bbbʎbbbbbbbbbbbʷbɒɒbbʟʷɒʎbʷ<blk>bbbɒbɒʎbɒbɒʟ<blk>bbbbbbɒʎʎ<blk>bbbbbbbbbbɒɒbbɒbbɒbbbbʷɒbbbbbbbbbbʎɒbb<blk>bbbbbbbʎʎʎʎʷbʎʷbʎbbð
190,3,kə̀bùlìjí ðɔ́mɔ̀cɔ̀,positive,ðɔ̀mɔ̀cɔ̀,328.87762451171875,52.64049530029297,<blk>bbb<blk>bb<blk>bbbbbɒʎbʷʷɒbʷbbbʷɒɒbǂǂʷʷɒɒʷɒʷɑʷʷbɒɒbɒbɒǂbʷɒɒbbʷbbbbb<blk>bbbʷɒɒᶑɑɒɒʷʟʷɒbɒbbʜʷɑb<blk>ʟǂbʷɒʷʷʷɒbʎbbbbʷt
227,4,ɛ́là ðúɽìðìðɔ̀ èdɔ̀ɽɔ̀ ánó nd̪ɔ̀bà,negative,ðɔ̀mɔ̀cɔ̀,447.1965026855469,52.66682434082031,bbb<blk>bɒbʷɒɒʷʷbɒɒbɒɒɑɒʎɒʟɒɒɒɒʷᶑʷᶑɒɒɒɒⱱʷǂɒɒʎʎʎbbbʎbɒɒɒɒɒʷɒʎɒbɒbɒɒǂɒɒbbbɒɒɒʷbʎ<blk>ʎʷɒbɒɒɒɒɒbɒʎɒɒɒʷʷɒɒʎɒbʷbʎbɑɒɒʎʷ<blk>ʷʷʷ<blk>ɒbbbbʟʟbʟbb<blk>b<blk>b<blk><blk><blk><blk><blk><blk>b<blk><blk><blk><blk>bbbb
185,14,t̪òlé t̪ɔ̀là,negative,ðɔ̀mɔ̀cɔ̀,236.84027099609372,52.686317443847656,bb<blk>bb<blk>b<blk>bbbbɒɒɒɒɒʷǂɒɒɒɒʷɒbɒʎbb<blk>b<blk><blk>bbbbbbɑbɒʷɒbbɒɒʷʷɒɒʷʷbɒʎbɒɒɒɒʷʷʷbɹ<blk>b<blk><blk><blk>b<blk>b<blk><blk>bbb<blk><blk><blk><blk>bbb<blk><blk>
129,1,ðə́ðá ɛ́ðɛ̀ ánó ðìcə̀lò,negative,ðɔ̀mɔ̀cɔ̀,257.3979797363281,52.743682861328125,bbbbbbbbʷbɒʎʷbbɒɒʷʷɒɒɒɒɒɒʷɒʷɒɒʷɒɒɑɒʷǂɒɒʷʷʎbɒʎʎɹʎbbbbɒɒbbbbʎbbʎʎbbbʎbbʎbbbb
144,16,ɔ̀ɽá t̪ə̀mànì,negative,ðɔ̀mɔ̀cɔ̀,206.60093688964844,52.78078842163086,<blk>bb<blk>b<blk><blk>bɒbʷɒʷʷbbɒbɒʷbɒʷʎʷʷʷɒwɒɒɒʷbbb<blk>ʟʷbbb<blk><blk>bbbbɒbbbɒɒbɒʎʷɒbbbbb<blk><blk><blk>b<blk><blk>bb<blk>b
218,6,lə̀r̀lɛ̀ɲí úðɛ̀ ùnɛ́ɾɛ́,negative,ðɔ̀mɔ̀cɔ̀,328.4732971191406,52.81337738037109,b<blk>b<blk>bbbbʷbbbʷʷbɒɒʷɒɒɒʷɒbʷbɒbɒbbɒʷʷɹɒ<blk>bbbbbbbbbʷbɒbbbb<blk>bbbb<blk>bbbɒbbɒʷbbbbbɒbɒʷʎbbʷbbb<blk>ʎbʷbɒʷ<blk>ɒɒʷɒʎzbbbɒbbbbbbb<blk>b<blk>b<blk><blk><blk>bb
208,8,kúkù kə̀ŋàcà ŕŋɔ̀,negative,ðɔ̀mɔ̀cɔ̀,318.6786193847656,52.82893753051758,bbb<blk>ʎ<blk>b<blk>bbbbb<blk><blk>bbɒbbbbbbʷ<blk>ʎʎbbbbɒʷbbɒʷbbbɒbʎbbɒʷbʎbbbbɑbʷɒʷʷʷǂʷʷɒbɒʷʷʷɒɒʷɒbʎbbʟɒɹbbbʎbbbbʎɒʎɹb<blk>ʷbb<blk>bʎbbb<blk><blk>ɹɹ
120,0,ðɔ̀mɔ̀cɔ̀ ðə́və̀lɛ̀ðà ɔ̀ndì nd̪ɔ̀bà,positive,ðɔ̀mɔ̀cɔ̀,492.7564086914063,52.83441925048828,<blk>bbb<blk><blk><blk>bbb<blk><blk>bbɹbbbbʎbbbʎʎb<blk>ʟbbʎʎʟbʎbɹʎbbǂʜʜǂǂǂǂǂɑǂbʷʎɹbb<blk>b<blk>bʎbb<blk>uʎʎʜʎbʎʜ̩ǂʎbʎǂʎbǂbǂǂɸiʷǂbbɹɹɹ<blk>ɹɹbb<blk><blk>bbb<blk>ǂǂǂbbǂʎbbǂb<blk>ɱbbbbʎɹbbbbʎbbbɹʎ̩ʎʎʎ<blk>ʎbbbbʎb<blk><blk>bɹbb<blk><blk>bb<blk>ɹɹ<blk>bɹ
211,11,lá lə̀vcí ðámlá nd̪ɔ̀bà,negative,ðɔ̀mɔ̀cɔ̀,353.6965026855469,52.86404800415039,bbbbbbbbbbbbʷʷɒɒɒoʷɒɒbʷbbʷbbbʷʷbbbɒbbɒbʎɒɒʷɒɒbɒɒʷɒbbʷɒbʷʷbbʷʷɒbʎɒbbʷɒʷɒbbbʎɒbbɒɒbʎɒɒʎɒbʷɒʷbbɒbbɒʟbbʟbbbʎ<blk><blk>b<blk>
197,10,ðɔ̀mɔ̀cɔ̀ ðìcə̀lò,positive,ðɔ̀mɔ̀cɔ̀,290.4744567871094,52.867488861083984,bbbbɒɒɒbʎbʎb<blk>bɒbɒɒɒɒɒbbʷ<blk>bbbbbbʷʷɒʷʷɒʷɒɒbbɒʷbbbɹbb<blk>bb<blk>bbbbbʷʎbbɒbbbbbɒbbɒ<blk>ɒbʷʷbʷbʷɹ<blk>bbʷ<blk>bbbb<blk>bɹ<blk><blk>bb<blk>b
201,1,ŋùbút̪ú ŋìcə̀lò,negative,ðɔ̀mɔ̀cɔ̀,370.1004028320313,52.877071380615234,bɹbɒ<blk>bʎb<blk>bbbb<blk>bɒʎbbɒbʷʷɒɒɒɒʎzɒɒɒʷɒɒʷbʎɒɳʷʷɒɒɒɒʛɒɒɒʛɒɒɒɒɒbbb<blk>bʎʷbɒʷbbɒɒɒɒɒɒɒɒɒɒʟʷɒɒʷɒɒɒʷʷɒɒʎbɒʟbʎʟʟbɒɒʷbbbbbb
206,6,lá ŋácà lúbútɛ́ ŋɔ́mɔ̀ nd̪ɔ̀bà,negative,ðɔ̀mɔ̀cɔ̀,324.4971618652344,52.87971115112305,<blk>bb<blk>b<blk>bbbbɒɑʎʷɒɒɒbbʎɒʷʷɒʷbbǂɒɒɒɒbʷʟɒbbɒb<blk><blk>bbbbʎbbbbbbɒbɒʷɒʎbbbbʎ<blk>bbbbbbʎʎbbɒʷbʎʷbʎbʷbɒbɒbb<blk><blk>bbɒɒbbbbbbʟ<blk><blk><blk>ɹ<blk>
163,18,ŋìðɛ̀ní ŋʊ̀dó,negative,ðɔ̀mɔ̀cɔ̀,150.81961059570312,52.92377471923828,ɒɒʷʷʷʷɒɒɒɒɒʎʷɒʷɒʎʷbɒbʎɒʎɒɒɒɒɒʎɒɒʷʷbbbbbbbʟ<blk>b<blk>ɹɹb<blk>bb<blk><blk><blk>b<blk>ɦ<blk><blk>bb<blk>
131,3,rɔ̀mɔ̀cɔ̀ rə̀bùlú,close_negative,ðɔ̀mɔ̀cɔ̀,184.0645751953125,52.96353912353516,bbbbbbbb<blk>bbbbbb<blk>bb<blk>bbb<blk>bbbbħbbbbbb<blk>bbb<blk>bbb<blk>b<blk>bbbbbbbb<blk>b<blk>bbbbbb<blk>bbbbbb<blk>bbbb
158,13,ðɔ́ ɛ̀ðɛ̀,negative,ðɔ̀mɔ̀cɔ̀,186.6147003173828,52.96772766113281,bbbbbbʎbʷɒɒɒʎɒʷʷɒɒɒɒɒɒɒʟɒʷɒɒɒɒɒɒʷǂǂɒɒʷɒɒbʎʷbʷbbb<blk>bb<blk>b<blk>b<blk><blk><blk>bb<blk><blk>
157,12,àn ðɔ̀mɔ̀cɔ̀ ðɔ̂n,positive,ðɔ̀mɔ̀cɔ̀,176.2025146484375,53.0235481262207,ɒʷʎʎʷbʎɒbbbbbbɒbɒʷʷʷɒɒʷʷbʷʎʷʷbɒʷɒɒʎɒɒɒʷoɒbɒbʷʟɒɒbɹ<blk>ʎɹɹbɹ<blk><blk><blk><blk><blk><blk>
200,0,lə̀ǹɔ́ nɔ́ŋnɔ̀ ùnɛ́ɾɛ́,negative,ðɔ̀mɔ̀cɔ̀,366.0268249511719,53.02666473388672,b<blk>bbʎbbʎbbɒbbbʷbʎbbɒbbbɒbɒʷʎɒʎbʷʎbʷbʷʎbɒɒɒɒɒʎʷɒɒbbbbbbɒɒɒʷɒʎʷʟɒbbbbbbbʎbbbbbbzɒʷɒʷʎɒʎǂɒʷɒbʷbɒbʷʷbʎbbbbbbbbbb
172,1,ɛ́là ðə́ɽìɲà íjɔ́ nd̪ɔ̀bà,negative,ðɔ̀mɔ̀cɔ̀,296.2159423828125,53.057247161865234,bbbbbɒ<blk>ʷʷʷɒbbbɒɒɒʎɒɒbɒʷɒʷʷʷɒɒbɹʎbʎbɒɒʷbʷbbbbɒʷɒɒbɒʷbɒbʷɒʎbʎɒbɒɒɒɒɒbbbɒʎɒɒɒbʷbbɒbbbbbb<blk>b<blk>bb
207,7,jɛ́kàɾàt̪ɔ́ ðɔ́mɔ̀cà lòlá,close_negative,ðɔ̀mɔ̀cɔ̀,376.9599609375,53.074501037597656,bbbbbbbbbbbbbbbbǂǂbbbʎɒɒɒɒʎbbbbbʷɑɒʷʷɒʷɒʷbʷbɒɒʷʷɹɒɒɒɒɒʷʷɒɒɒʷ<blk>ʎʟbʷɒʷʷɒǂʷɒʷʷɒʷɒʎɒɒbɒʷɒɒbɒɒɒɒbɒbɒɒɒbʎwʎʎʎʎb<blk>ɹ<blk><blk>
199,12,lá ɾɔ́ðà nd̪ɔ̀bà,negative,ðɔ̀mɔ̀cɔ̀,302.7939758300781,53.08248519897461,bbbbb<blk>bʟʎɒɒɒbʷʎʎbʷʎɒɒɒʎɒɒʎbbbbʎbbbbbbʎbbɒbʷʎɒbɹɒɒbɒɒʎʎɒɒbbbɒbɒɒɒʎʎʎbbɒɒbɑɒɒbɒʎɒʟbbbʎbbbbbbbbɹɹ<blk><blk><blk><blk>b<blk>b
126,6,àn ŋɛ́n ŋâj ŋáɾl̀ɛ́ŋí búlì,negative,ðɔ̀mɔ̀cɔ̀,446.8306274414063,53.14634704589844,<blk>b<blk><blk>ʷʷɒbɒɒɒʷʷbbɒb<blk>bɒɒʟʎbʷɒʷɒbɑbɒwʟbɒɒʜɒʷɒɒɒɒʷɒbɒbb<blk>bb<blk>bʎɹb<blk>bbbbbʷb<blk>bɒɒɒɒʷʷɒbɒbʷbbbbɒɑɒɒɒbbbbbbbbɒbɒbɒɒ<blk>ɒbb<blk><blk>bbbbbbbb<blk>bbbɒʷɒʷɒbbbbbbbbbb<blk>bbbbbbbb<blk><blk><blk><blk><blk><blk>b<blk><blk><blk>bb<blk><blk><blk><blk><blk>
212,0,àn ɔ́ɟɔ́ kə́ðìɲɔ́ múðù,negative,ðɔ̀mɔ̀cɔ̀,425.6942138671875,53.17232131958008,bbbmɹbbbɒbɒɒɑɒɒʷʷɒɒǂɒɒɒʷɒʷbɑɹɒʷɒʷɒɑǂʷɒɒʷɒɒɒɒɒɒɒʷɒɹbbbbʷbbbbbbbʎbʷɒbbbɒɒɒʷɒɒɒɒɒfɒɑɒɒɒɒɒʷbʷʷʷɒɒʷɒʎɒɒɒɒʎʷɒʷbʎ<blk>bbbbbbbbbb
183,12,íŋgá t̪ə̀vɔ́ ðár,negative,ðɔ̀mɔ̀cɔ̀,256.7628479003906,53.23848724365234,bbbbbbbbʷʷɒɒɒǂǂʷʷɒbʷbɒɒɒɒbbbɒɒɒɒɒʷʷɑʷbbɒbbbb<blk><blk>bbbbbbb<blk>bbbɒbɒʎɒɒɒʎʷɒʎʎbɒʎb<blk>bbbɒ<blk>bb<blk><blk>bb<blk><blk>bb<blk>
177,6,nàŋnò nìcə̀lò,negative,ðɔ̀mɔ̀cɔ̀,298.2265625,53.24896240234375,bbbʷb<blk>bbǂɒɒɒɒɒɒɒʎɒɒʷɒɒɒʷɒʷɒɒʎɒǂbɒɒɒbʷʷɒɒbbbɒbʷbbbbbbɒbbʜɒbɒbbbbbʷʜbbɒɒʎʷɒʎʷʷɒɒɒʷɹʷbʷbbbɹ<blk><blk>
173,2,ŋìðɛ̀ní ŋàcìjí t̪ɔ́wɜ̀nì,negative,ðɔ̀mɔ̀cɔ̀,301.2409362792969,53.25774765014648,bʷʷʷɒbɒɒbɒɒʷbɒɒɒʷɒʷɒɒɒbbɒɒʷɒbɒɒʷbbbbǂɒʷɒbɒɒʟɒɒɒɒbbbbʷbʷɒʷʷbbʷɒʷbbʷbbʷbbʷʷbʷ<blk>ʎbbʎbbbb<blk>bb<blk><blk><blk>
217,5,át̪ú ɔ́ɽɟɛ̀cìnɔ̀ kúkùŋú ánó dɛ̀,negative,ðɔ̀mɔ̀cɔ̀,348.5946655273437,53.26628875732422,bbbbbbɹbb<blk>bbbbbbɒbʷɒbɒɒʷbɒʷbʷǂbbb<blk>b<blk>bb<blk>bʷʷʷɒbʷʎbɒʎʎɒbʷʷɒ<blk><blk>bbbbb<blk>bb<blk>bbbʎbbʷb<blk>ʎɒbʷʎɒʷʷɒʷɒɒbʷbɒɒbʎbʷbbʷbɒɒɒsbʟʎbʟ<blk>ɔ<blk><blk><blk>ɹ<blk>
156,11,ɛ́là ðə́kɔ̀t̪ìnɔ̀ nd̪ɔ̀bà,negative,ðɔ̀mɔ̀cɔ̀,139.27227783203125,53.31560134887695,bb<blk>bbb<blk>bbbbbɒ<blk>bbʎbɒ<blk>ɒ<blk>bb<blk>bbbb<blk><blk>bbbɹb<blk>bbbbbbb<blk>b<blk><blk>b<blk>b<blk><blk><blk>b<blk><blk>bb<blk>b<blk>
192,5,ɟíðɛ́cí dìjɔ́ dún,negative,ðɔ̀mɔ̀cɔ̀,357.1686096191406,53.32044219970703,bbbbbbb<blk>bbbʛɒɒɒbɒbɒɒɒɒɒʷɒɒɒɒɒɒɒɒbʎɒbʷɒɒɒʷǂǂɒɒɒɒʷɒɒɒɒʷɒɒɒbbbboɒʷɒʷɒɒʷɒɒɒɒbɒɒɒɒʷɒɒʷʎʎɒbʷbɒɒɒʷbbbʎʷ<blk>ɹɹ<blk><blk>
210,10,lə̀bùlìjí ðɔ́mɔ̀cà ùnɛ́ɾɛ́,close_negative,ðɔ̀mɔ̀cɔ̀,365.8560180664063,53.333126068115234,ʷbʎʷɒbʷbb<blk>bɒbɒʎbʷbɒbɒbʷʟʷɒɒɒʜǂɒbɒʷɒɒǂɒɒbɒɒɒʷɒɒɒɒʷɒɒɒɒʷɒʷɒɒɒɒʎɒɒʷɒɒʟʷɒɒɒɒɒbbɒbʷɒʟɒɒɒʟɒǂɒʷɒᶑǂbɒɒɒɒbʎʟbbbbb<blk><blk><blk><blk>
229,6,láɾɛ́ ðə́kɔ̀cɔ̀ ŋávɛ́ d̪úd̪ɔ̀ ùnɛ́ɾɛ́,close_negative,ðɔ̀mɔ̀cɔ̀,418.4729614257813,53.39827728271485,ɹɹbbbbbbǂbǂǂʎʎǂǂʎǂǂʷǂʎǂʎǂǂǂǂǂǂǂǂʎbǂʜʷʎɸǂʎʎǂʜʎʟǂʎǂʜʎʎʙǂʜʎ<blk>bɸbʜɸtɹbbbbbbbbbɱbʎbbǂʎbbbɹɹɹbbʜʎǂʎʎʎʎʎʎǂ̪ʎɑʎbbɒʎǂɒǂǂǂǂɸɸɸbɹʕʕʕʟ<blk>ɹɹɹɹɹɹ<blk>bɹɹʕ<blk>b<blk><blk>ɹ<blk>bb
123,3,ŋgɛ́ĺ jə́nɔ̀nɛ̀ rɔ̀mɔ̀cà nd̪ɔ̀bà,close_negative,ðɔ̀mɔ̀cɔ̀,537.8448486328125,53.399681091308594,bbbbbʷɒǂɒɒbɒɒɒɒɒʷɑʷɒʷʷɒɒʷʷɒɒɑɒɒɒʷɒʷɒɹbʷʎɒʎʷʷɒᶑɒɒbbʷʟʎɒʷʎɒɒɒɒɒʷɒɒbbbʎɹ<blk><blk>bʟbbbʷʎbʎʎɒʷɒʷbbbbbɒɒʎbɒbbʷʷbbbbbʷʷʎɒʷɒbɒʎbʎʎbbʎʟbbbbbbbbʷbɒʎʎʷɒʷʎbʷɒɒbbɒɒʎɒbɒʎbbɹ<blk>bħb<blk><blk><blk>b
178,7,lápìnɔ́ kúrì nd̪ɔ̀bà,negative,ðɔ̀mɔ̀cɔ̀,272.2670288085937,53.410675048828125,bʷbbbbbbɒɒɒɒɒɒɒɒʎɒʷʷb<blk>ɒbɒbbɒʷʷɒɒbʷbbɒbbbɒʷɒɒɒɒɒɒɒʎʷb<blk>bbbbbʷʎɒ<blk>ɒɒʷɒɒɒbbɒʷbbʎʟɒɒʷʎb<blk>bʎbbb<blk>bɹ
139,11,là vɾáðɛ̀ ùnɛ́ɾɛ́,negative,ðɔ̀mɔ̀cɔ̀,235.0847930908203,53.42964172363281,bbb<blk>bb<blk>bʎʷbbʎʟɒɒɒɒʷbɒʷɒɒɒɒɒbbɒbbɒʷɒbʷbɒɒʎʎzʎɒbbbbbɒbbɒɒɒoǂɒɒʷʷɒʎbbbbɑbɸʎɹ<blk>
148,3,lá ŕdà ámúðɛ́ nd̪ɔ̀bà,negative,ðɔ̀mɔ̀cɔ̀,205.51739501953125,53.48731994628906,bbbbb<blk>bbɒɒɒɒɒɒɒʷɒʷbʷɒɒɒɒʷɒʷɒɒɒɒɒɒɒʎbbbʷɒɒʷʷɒɒʷʟɒbbbbɒɒbb<blk><blk><blk><blk>b<blk>
203,3,kìjɔ́ ŋɔ́mɔ̀ nɛ̀ ŋáɾà àbr̀ó únɛ́ɾɛ́,negative,ðɔ̀mɔ̀cɔ̀,378.41455078125,53.49504852294922,bbbbbbbbbbɒbbɒɒbɒʷʷbʎʟoʎbbɒɒɒbbbʎɒɒbɒʷɒʷʷʷʎʷɒɒbʷʎɒɒbɒʎʷʷɒɒɒɒɒɒɒɒʷɒʎɒbbɒbɹʷɒʎbʷɒɒbɒbɒɑʷbʷɒʷbʷʷʷʷbbbbbb<blk>bbbbbb
154,9,ŋgɛ́l ŋə̀t̪ə̀vɛ̀ ðár,negative,ðɔ̀mɔ̀cɔ̀,202.78823852539065,53.50113296508789,bb<blk>ʷbbbbbɒɒɒǂǂɒʷɒɒʜʷɒʷʷɒʷʷʎʎɒbɒbʷɒbʷɒʷɒɹʷɒɒɒɑɒɒɑɒʎʷʷʎbʎʷ<blk>b<blk><blk><blk><blk>
161,16,ɾácí ŋávɛ́,negative,ðɔ̀mɔ̀cɔ̀,169.64149475097656,53.547019958496094,bɒɒbɒɒɒbbɒɒbɒɹbʟɒɒbbɒɒbɒǂʷbɒɒʷʷɒǂbʎɑɒʷʷʷbbɒbbɒǂb<blk><blk>b<blk><blk><blk><blk>b<blk><blk>b<blk><blk><blk>
184,13,là lácì ʊ̀mɔ́ ùnɛ́ɾɛ́,negative,ðɔ̀mɔ̀cɔ̀,265.27783203125,53.66222381591797,ɒʷbɒɒɒɒɒɒɒǂɑɒɒʷɒʷbɹbʷbbbʷbɒʎbbʎbbɒʎbbbbbɒɒɒʎbbbɒɒ<blk>ɒɒɒʷʎʷɒʷbʷʎɒbʎb̩bbbɒɒɒɒʎɒɒbʎʎʎb<blk><blk><blk>b<blk><blk><blk>b<blk>
121,1,lòló lɛ́ ðɔ̀mɔ̀cɔ̀ lə̀kàɾì,positive,ðɔ̀mɔ̀cɔ̀,542.9733276367188,53.71651458740234,bǂbǂǂǂǂʎbbbʎʎʟʎʎʎʎʎʎbʎbbǂbbɒʎbbbʎ<blk>ɹʎbʷɹʎʟbbbʟbbʟbbbbbbǂǂʜǂiʜʎǂɒʜʎʎǂʎʜʎʎbbɹʎʎʎʜbɹbʎ<blk>ǂʎʎbbbɸbbʜbʎʷbɒɹ<blk>ʎʎʜʎʟʟb<blk>b<blk>ɹb<blk>ʟɹbbbb<blk>ʎʜbʎɒǂʷǂʎʎǂʷǂbǂǂǂbbbʎbb<blk>ʎʎʎɹbɪbɹbbɹbɹbb<blk>ɹ
191,4,áŋt̪ɔ́ú lə̀vɜ̀ɽì àdám,negative,ðɔ̀mɔ̀cɔ̀,308.8997497558594,53.79894256591797,bbbbǂ<blk>bʎʎʷɒʎbbbbbʷbbʷɒbɒʎɒbɒɒɒʎbɒʎɒɒʎʎbʷɒʎʎbʎʎʷ<blk>ɒɒ<blk>ɒbʷbbɒɒɒbbbʷʎbɹbʎbɑʷbbɒɹʎʎbɹbʟʷʷʷɒʎbɒʎbbʎʎ<blk>bb<blk><blk><blk><blk>b
134,6,álèŋà lə́t̪ə̀vɛ̀ ðár,negative,ðɔ̀mɔ̀cɔ̀,266.2895812988281,53.87305068969727,bbbʎʷʷǂɒbɒbɒʷbɒɒɒɒʷʷʷǂʷbbɒɒbbʷbɒbbbbbʷɒǂɒbbɒbɒɒbɑɒʷǂɒɑbɒɒbbɑʎʷɒɒɑʷɒbɒbʷbɸf
181,10,ɲàĺl ðə́t̪ə́vá ðár,negative,ðɔ̀mɔ̀cɔ̀,279.444580078125,53.9774169921875,bbbʎ<blk>ʎbbbʷbbɒʷgbɒɒʷɒɒɒʷɒʷɒɒbɒǂɒɒɒɒʎʷɒbʷbbb<blk>b<blk>bbb<blk>ʷʷʷbʎbʎʎɒɒʷʷʎʎbɒbɒbɒʎɒbʷʷbɒʷʎʎʎbʎ<blk><blk>bɹɹ<blk>bb
142,14,àɾl̀á r̀ŋɔ̀,negative,ðɔ̀mɔ̀cɔ̀,209.6051025390625,54.03474044799805,bbɹbbbbb<blk>ʷbb<blk>b<blk>ʎɒbbʷbʷbɒʷʷʷʷʷbɒʎʎɒʎɒʷbɒbʎʎbʎbbbbɒɒbbʎbbbbʎbʎbbʟ<blk><blk>bbb<blk>ɹ<blk>ɦb<blk>
151,6,lá kɛ́ɾà nd̪ɔ̀bà,negative,ðɔ̀mɔ̀cɔ̀,197.72889709472656,54.04116439819336,ʟɹbbbʟ<blk>bʟǂǂʷɑʜʎǂǂʷǂǂǂʷɸ̪ǂʎʎʎʎɸɹʷʎʎʎǂʷɗʜʎɹbɹʎbǂɹʟʎɹbɸ<blk>ʎʟbʕbʕɹb<blk>
198,11,àn ɛ́làɽà ká dɔ̀ŋðɔ́ lə́vàvɾà,negative,ðɔ̀mɔ̀cɔ̀,345.3648986816406,54.09518432617188,ʷʟɒɒʷɒʷʷɒʷɒɒɒɒbʷɒɒɒɒǂǂɒʟɒʷʷɒɒɒʷɒʷʷʟɒɒʷʎbɒʷʷbɒɒɒɒɒoɒɒɒbɒɒʷɒɒɒɒʷʷbʷɒɒɒɒbʷʷʷɒʎɒʷʷbɒɒɒɒbɒɒɒʎbbʷɒ<blk>ʎʎɹ<blk>b<blk><blk><blk>
171,0,àɽá dɔ̀ŋðɔ́ lə́vàvɾà dɛ̀,negative,ðɔ̀mɔ̀cɔ̀,301.3407287597656,54.11790084838867,bb<blk>bbbbbbb<blk>bbbbbɒǂʷɒɒɒʎbʷbʷʷɑɒʷbʎbʎʷbbɒʷɒɒbɒbɒʷʷɒʎɒɒɒʟɒɒɒbɒbⱱbbbɒbbɒɒɒʷʎʎbbbbɒbbbbbbʎʟʎb<blk>b
204,4,là dɔ́ŋðɛ̀ r̀ɽò ùnɛ́ɾɛ́,negative,ðɔ̀mɔ̀cɔ̀,414.2945556640625,54.14194869995117,ʎʎɒbbbbʷɒɒɒɒʷʷɒʷɒɒɒʷʷɒɒʷɒʷɒᶑɒɒɒɒǂᶑɒᶑɒɒɒbɒɒɒɒɒɒɒɒɒɒʷʷʷɒɒɒʎʷʷbbbʷʷɒɒɒbʎʎʷbɒbɒʷbbbʎʎǂɒbʷʷʎɒʷɒʷiɒɒɒɒɒɒɒɒɒɒbɒʟǂbɑ
239,6,ðɔ̀mɔ̀cɔ̀ ðà və́lɛ̀ðɛ̀ ðàŋàlà,positive,ðɔ̀mɔ̀cɔ̀,540.0985717773438,54.156620025634766,bʟbbbb<blk>ɪʟbbb<blk>uʎbʷbɹbbʜʎʎbʷʎbʜʎʎbɸbʜʎbʟbǂǂǂɑʜǂǂʎǂʜʷʜiʜbʎɹ<blk>bbbbɹbbb<blk>bbbʟb<blk>ʎʎɹbʎ<blk>bb<blk>ʎʎɑʎɒ<blk>ʎbǂbbʎbʜǂǂʷʜǂɒǂbǂǂbʎbʜǂʷʛǂǂǂbʜgǂbɹbbɹbbb<blk>ǂʟǂʜɹɹiʎbʟʎʎʎʎǂǂʎ<blk>ʎʎbbbʎb<blk><blk><blk>ʎʟ<blk>bbbbbbɹɹə<blk><blk><blk>b<blk>b<blk>bbb<blk><blk>b<blk>bbbbɹɹ<blk><blk><blk>bb<blk>b<blk>ʕɹ<blk>bbɹ<blk>ɹɹb<blk><blk>bb<blk><blk>ɹ<blk>ɹ<blk><blk>bɹ<blk>b<blk>b<blk>bb<blk>bbb<blk>bɹɹ<blk>b<blk><blk><blk>bbbb<blk>ɹbb<blk>ɹb<blk><blk>bb<blk>b<blk>
130,2,láɾà t̪òlèɲá nd̪ɔ̀bà,negative,ðɔ̀mɔ̀cɔ̀,272.91375732421875,54.17243194580078,bbbbbbɒɒɒʷǂɑɒʎɒɒɒʷɒɒɹɒɒɒbbʎʟbbb<blk>ɒʷʷɒbɒbɒbɒbɒʎʎʎɒʷbbʷɒbɒɒʟbɒɒʎɒɒɒʎɒʎʷʷʎʷbbʎ
174,3,àt̪ùɟâj jìcə̀lò,negative,ðɔ̀mɔ̀cɔ̀,317.6153869628906,54.24924850463867,ʷɒɑɑǂɒɒǂɒʷɒʷɒɒbbɒɒɒɒʷɒɒǂʷiɒɒɒɒɒɒɒǂɒʎbbɒbɒʷbɒǂʷɒɒɒbɒbbbɒbɒʷʷɒɒʷɒɒɒɒʷʷbʷɒɒɑʷbʷʟʎʷb<blk>bb<blk>ʎbbbɹɹ
193,6,ðáɽíðá ásá ðɔ́dà àdám ðìcə̀lò,negative,ðɔ̀mɔ̀cɔ̀,349.150390625,54.26465606689453,<blk>ʎbɒ̩bʷǂǂiiǂǂʎʎʎǂʎbʎǂʷɸiǂʎǂǂǂʷʎǂǂʷǂʟǂǂɑʷʎbɒʜʷɒ̩bʷʎbǂɹʎǂǂbbǂʷbɹʎbbʎǂbɹʎʎʎbɹbbʎʎbb<blk>ǂǂbʎbbbbbbbbɹbʎɹɹɹɹɹ
150,5,ŕŋɔ̀,negative,ðɔ̀mɔ̀cɔ̀,185.9522399902344,54.29440689086914,<blk>bbbbbʷʎʷɒɒʷɒʎɒʎʷɒʷɒɒɒʷɒbʷʷɹʷɒɒbɒʷɒbbʎʎɒʎbʎʎʎʎɒʎʷbbʎɒbɒb<blk><blk>ɹbɹ<blk>
233,0,àn èdɛ̀ɽì kɛ̀ɾɔ́ íŋgá ŕnà ŋrɔ̂bà,negative,ðɔ̀mɔ̀cɔ̀,832.9068603515625,54.47908401489258,ʷ̪̩ʎʎʜǂʎǂxǂʎʜɗǂiʎʎǂʎbʎ<blk>bbbbʎʜǂǂ<blk>bǂʎbʷʎǂʷǂǂǂɒʎǂʜǂbbǂǂǂgǂǂʷʎǂǂǂʜʎǂʎʜʎʷǂǂǂǂʎʜʎɑʷʎʷʎʎ<blk>ɹbb<blk>ʎɹbɪb<blk>b<blk>bbbbbʕbɪbɹb<blk>ɹbɹɹbb<blk>bbbbɹb<blk>ɹ<blk>ɹɹɹɹbbbbb<blk>bbbbʎ<blk>ʎʎʎʎbʎbbǂubiʜʜiˠǂʎʷʜʎbʎʎʎʎʷʎʎʎʜʷʎʎʎǂʎʎʎʎʟʟbbʷbbɹb<blk>bɹɹbb<blk>ɹʕbbbbʕbbbɹb<blk>bbɹɹbbɹ<blk>bɹb<blk>ɹ<blk>ʕ<blk>ɹbbʟ<blk>bɹ<blk>bʎʎʎʎbʜbʎʜbʎɒb<blk><blk>bbbɹb<blk>bbʎb
135,7,nɛ́ðɔ́ kúkùŋú t̪ɔ́wɜ̀nì,negative,ðɔ̀mɔ̀cɔ̀,238.89698791503903,54.51288986206055,ʎʷʟbbɒbbɒɒɒiʷɒɒbʎɒʷʷʷʎɒɹbɒʷʷbɒbbʎbʎbʷbbʎʷbʷʷɒbbbɒɒʷʷʷʷɒbɒʎɒɒʎbʎɒʷbbʎbbbbff
128,0,ŋídí ŋúɽcà ŋâj ŋə̀ɽà,negative,ðɔ̀mɔ̀cɔ̀,247.8667907714844,54.54914474487305,bb<blk>b<blk>ʎbɒbbbɒɒɒbɒɒɒʷʷʷɒʷbɒɑbʷǂɒɒʷʷʷɒɒʎbbbbbɒɒɒɒɒɒʷʟb<blk>ʷɒɒbʎʷɒʷbbɒɒbbɒʎbʎbɹbb
220,8,ɛ́là ðúmɔ̀ðɔ̀ jàŋàlà nd̪ɔ̀bà,close_negative,ðɔ̀mɔ̀cɔ̀,391.6062316894531,54.59722518920898,bʟbɹbbbbbɸʎɸǂɸʜʷǂiʜǂǂɑiǂbǂʷʜǂɒʷʎʜʎʎʎʎʎbbʎʎʎbʎ<blk>b<blk>ʎǂɒʎb<blk>ǂǂǂʎǂʎɸʷǂǂǂǂoʎʎʎǂǂʟǂǂʎʎʎbʎʷǂʷʎ<blk>b<blk>ʷǂǂǂɗbʎʎʜiʎǂʟɸbǂbɸʎʟɸǂɑ<blk>ɸɹ<blk>b<blk><blk>
136,8,lɜ̀dí álɛ́ ùnɛ́ɾɛ́,negative,ðɔ̀mɔ̀cɔ̀,222.88021850585935,54.602783203125,ɨʷʷʷʷʟʟfʷʷʷǂʷʷʷʷʷ<blk>ʷʷɨǂʷʷʷʷʷʷʷʷʷʷʷʷʷʷʷʷfʷʷʷʷ<blk>ʷʷʷʷʷʷʷʷʷʷʷʷʷʷʷʷʷʷʷʷʷʷʷ<blk>fʷɸ<blk>ɹɹ
188,1,t̪ɔ́ɾt̪ɔ́l lɛ̀rdì t̪ɔ́wɜ̀nì,negative,ðɔ̀mɔ̀cɔ̀,351.1148681640625,54.62846755981445,bbbbʷbɒbɒɒɒɒɒɒɒɒbbbbbbbbɒʷʎɒɒɒɒɒbbʎʎ<blk>ʎɒɒɒɒʷɒʷɒʜbbbʎbɹbbbbɒɒbbbʎbɒɒʷbɒbɒʷɒʷbɒbbɒɒɒbbʷbbbbɒbbɒbʟʷbbbbbb
182,11,lə̀màð lìcə̀lò,negative,ðɔ̀mɔ̀cɔ̀,306.3454284667969,54.68839263916016,bbbb<blk>ʎ<blk>bǂǂʷbʎǂǂiǂǂɒǂǂǂʜǂǂʎǂǂʎʷǂǂǂǂǂǂǂǂǂʎǂʎǂʎʎǂǂǂǂǂǂǂǂǂǂǂǂǂǂǂ̩ǂǂǂǂǂʜǂǂʷʎʷʟbb<blk>ʷǂbǂ<blk>bbɹb<blk><blk><blk>b<blk>
226,3,t̪ɔ́ɾt̪ɔ́l lə́dɔ̀ŋðàt̪ɛ̀ lə̀vàvɾà dún t̪ɔ́wɜ̀nì,negative,ðɔ̀mɔ̀cɔ̀,505.34808349609375,54.69246292114258,ʎbbʎɒɒbɒbʷɒʷɒʷɒɒbʷbbbbʷbɒɒɒɒʷɒɒᶑɒbɒɒʷʎboʷbɒǂbbǂɒɒɒʎʷɒɒɒɒɒɒɒʷbʷɑɒɒʷbɒbbbbʟbɒɒɒʷɒɒbɒɒɒɑɭɒʷɒɒɒɒbɒɒɹɒʷʷɒɒʷɒɒɒbʷbbʎʎɒɒɒɒbɒʷʷʷɒʷʷɒɒɒbʷɒʷʷʎǂʎsɸb<blk><blk><blk>b
153,8,lá bùlìjí,negative,ðɔ̀mɔ̀cɔ̀,178.52723693847656,54.70491790771485,bbbbʷbʎbɒɒɒʷʷǂɒʷbɒbɒʷbɒɒbbbɒbɒbbbbbʛɒɒɒbʎbǂbɒɒbbbbʷɒbbbb<blk><blk><blk><blk>b<blk>
152,7,ját̪ɔ́ ŋɔ̀mɔ̀,negative,ðɔ̀mɔ̀cɔ̀,189.19444274902344,54.71003723144531,ǂǂǂǂǂǂǂǂbǂʷb<blk>bbbǂǂɑǂʜʜʷɑʎʎʷǂʎʎʎ<blk><blk>ǂ<blk><blk>ɹʷʎɹǂʷʎǂʎʎbʎbʟʜɹbbbbɹɹbɹɹb
143,15,pìnɔ́ t̪ɔ́wɜ̀nì,negative,ðɔ̀mɔ̀cɔ̀,245.44309997558597,54.86031723022461,ɒʷʷʷɒʷɒʷʷǂɒʷǂɒɒbɒɒᶑsɒɒɒɒɒʷʷʷɒʷbʷʷɒʷɑɒǂǂɒǂʷǂʷɒʷʷɒɒɒɒɒbʷɒɒʎɒǂʷbbɒb<blk>bb<blk><blk><blk>b<blk><blk><blk>
238,5,t̪átɛ́ ùnɛ́ɾɛ́ újɛ̀l,negative,ðɔ̀mɔ̀cɔ̀,457.4073181152344,54.92012786865234,ɨ<blk><blk>ɪɹ<blk>ɪɪɪɪɪ<blk><blk><blk><blk>ɪtʟǂʷǂʷʷʷʷʷʷʷʷ<blk>ʷʷʷ<blk><blk><blk><blk>ɹɪɪ<blk>ɹɪɪ<blk>ɪ<blk><blk><blk><blk>ɪ<blk>ɪɪ<blk>tʷʷʷʷʷǂɪʷʷ<blk>ʷfʷɪ<blk><blk>ʷǂʷʷǂǂʷʷʷʷʷǂʷǂʷʷ<blk>ɹɹʷɪ<blk>ɪɹʷʷʷʷʷʷʷʷ<blk>ɪʷ<blk>bʷʷʷʷʷʷʷʷʷʷʷʷʷ<blk>ʷʷʷ<blk>ǂɪɹ<blk>ɪɪ<blk>ɪ<blk>ʷʷʷɹʷǂʷʷʷʷ<blk><blk>ʟǂʷʷʷɪɪ<blk><blk>ɪʷ<blk><blk><blk><blk><blk><blk>tɹɹ<blk><blk><blk>ɪ<blk><blk>ɹ<blk><blk><blk><blk>ɹ<blk><blk>ɹ<blk><blk><blk><blk>ɹ<blk><blk>ɹɪ<blk><blk><blk><blk><blk><blk>ɹ<blk><blk><blk><blk><blk><blk><blk>ɹ<blk>ɪ<blk><blk>ɹ<blk><blk><blk><blk><blk><blk>ɪ<blk><blk><blk><blk><blk>ɹ<blk><blk><blk><blk><blk><blk><blk><blk><blk><blk><blk><blk><blk><blk>ɹ<blk><blk><blk><blk><blk>ɹɹ<blk><blk><blk>ɹ<blk><blk><blk><blk><blk><blk>
149,4,át̪ú áŋàŋìnɔ́ dɛ̀,negative,ðɔ̀mɔ̀cɔ̀,200.66571044921875,54.9470329284668,bbbbbbbbʷɒbbʷɑʷɒɒbɒbʷbʎʷɹɒɒɒɒbbʷɒbɒbʎbʷʷbʷɒʷʷbɒɒbbbbɹbbɹ<blk><blk>b<blk><blk><blk>
196,9,ɛ́là ðáɽà lə̀bú nàré nd̪ɔ̀bà,negative,ðɔ̀mɔ̀cɔ̀,271.4905090332031,54.97965240478516,<blk>ʷ<blk>ʷʷǂʷǂʷʷʷʷʷʷʷʷtʷʷʷfʷʷ<blk>ʷǂʷʷʷʷʷʷ<blk>ʷʷʷɪfʷɪɪ<blk><blk><blk>̪<blk>ɨɪʷ<blk><blk>ɪ<blk><blk>ʷʷʷʷʷɪʷfbɪ<blk><blk><blk><blk><blk><blk>ɪ<blk>ʷbʷʷʷʷɨʷʷʷʷ<blk>ʷɪɨ<blk>ʕ<blk><blk>ɸ<blk>t<blk><blk><blk><blk><blk><blk><blk>
187,0,lɔ̀mɔ̀ lúɔ́ kɔ́ɽɜ́l káɾɛ̀,negative,ðɔ̀mɔ̀cɔ̀,368.4327697753906,55.002586364746094,bbbbbbɒ<blk>ʷɒɒɒɒʷbɒɒbɒʎɒɒɒɒɒʷɒʷbɒɒɒɒɒɒɒɒɒɒʷɒɒʷɒʎɒɒbɹbbʷbbbbbbbɒbɒɒɒɒɒɒɒɒʷɒʷbʷɒɒʷʷbɒɒʷɒʷɒɒɒɒɒʷɒɒɒbʷʷ<blk>bʷʟb
138,10,ʊ̀mì kìcə̀lò,negative,ðɔ̀mɔ̀cɔ̀,235.03746032714844,55.077781677246094,bbbbbɒɒbʷɒɒʷɒɒɒɒbɒɒɒɒɒɒɒbǂʷɒɒɒbɭbʷɒʷʷɒɒʷɒ<blk>ɒʷbʎɑɒɒɒɒɒbʷɒɒɒɒɒʷʎɒbbbbbbbʷ<blk>f<blk><blk>
223,0,rɔ̀mɔ̀cɔ̀ rá və̀lɛ̀ðɔ́ ðáŋàlà,close_negative,ðɔ̀mɔ̀cɔ̀,440.7820739746094,55.56072235107422,<blk>ɪ<blk><blk>ɪɪ<blk><blk>ʷ<blk>ʷʷ<blk>ʷʷʷʷfʷʷɹ<blk>fˠʷfʷʷɨʷɨʷǂǂʷʷǂǂʷǂʷʷǂʷʷʷʷʷʷʷʷtʷʷʷʷʷʷʷʷfʷʷʷʷʷʷʷʷʷʷʷʷʷʷʷʷʷʷʷɨʷʷʷʷʷɹʷʷɨɪɪ<blk>ɪɪɪ<blk><blk>ɪɪɪɪɪʷʷʷʷʷʷʷʷʷʎʷʷʷʟʷʷʷʷfʷʷʷʷʷʷʷʷʷʎʷ<blk>ʷʷɨɨʷɪ<blk>
236,3,kúkù ŋgá kɛ̀cí ɛ́ɾáðɛ́ nɛ̀ rî,negative,ðɔ̀mɔ̀cɔ̀,538.1528930664062,56.30689239501953,ʷʷɪʷʷʷ<blk>ʷʷʷtʷfʷʷʷʷʷʷʷ<blk>ʷʷʷ<blk><blk>ɪɪɪ<blk>ʷ<blk><blk>ɨ<blk>ʷʷ<blk>ʷ<blk><blk>ʷʷʷǂʷʷʷʷʷʷʷʷʷ<blk>ʷǂʷɪʷʷǂʷʷʷʷǂɪʷɪǂ<blk>ʷʷʷʷʷ<blk>ʷʷʷʷʷǂʷʷʷʎɨɪ<blk>ʷ<blk><blk>ɪʟʷ<blk><blk><blk>ʷ<blk><blk><blk><blk><blk>ʷɨ<blk>ɪ<blk>ɪ<blk><blk><blk>ɪ<blk><blk><blk><blk><blk><blk>ɪɪɪɪɪ<blk><blk>ɪʷ<blk>ʷ<blk><blk>ʷʷfʟʷǂʷʷʷʷʟ<blk>ʟʷǂʷʷ<blk>zʷʷǂǂʎ<blk>ʟǂɪ<blk>ʷʷǂʷʷʷʷʷʷʷʷʷʷ<blk><blk>ʷ<blk><blk>f<blk><blk>ɪb<blk>ʟʷ<blk>ɪ<blk><blk><blk>ɹɹ<blk><blk><blk><blk><blk><blk><blk><blk><blk><blk><blk><blk><blk><blk>ɹ<blk><blk><blk>ɹɹ<blk><blk><blk><blk>ɹ<blk><blk><blk><blk><blk>ɹ<blk>ɹɹɹ<blk><blk><blk><blk><blk><blk><blk><blk><blk><blk><blk><blk><blk><blk><blk><blk><blk><blk><blk><blk><blk><blk><blk><blk><blk>
209,9,ɛ́là ðə́t̪ɔ̀ ŋávɛ́ nd̪ɔ̀bà,negative,ðɔ̀mɔ̀cɔ̀,301.7011108398437,56.45500183105469,ɪɪ<blk>ɪ<blk><blk>ɪɪʷʎ<blk>ʷʷʷʷ<blk><blk>ʷɪǂʷ<blk>ʷ<blk>ǂʷǂǂʷfʷʷʷʷʷǂʷʷʷʷǂʷ<blk>ʷʷɪʷʷʷʷʷʷʷʟʷʷʷʷʷʎʷʷ<blk>ʷʷʷʷʟɥʷ<blk>ʟ<blk><blk>ʷɪ<blk>ʷʷʷʷʷʷʷʷʷʷɪʷʟʷʷʷ<blk>ʷʷɪ<blk>ʷʷɪ<blk>ʷɪɹɹ<blk><blk>
222,10,lɔ́ɾɔ́ lìcò,negative,ðɔ̀mɔ̀cɔ̀,312.23956298828125,56.60272216796875,ɪɪ<blk><blk>ɪɪ<blk>ɪ<blk>ɪɪ<blk>ɪʷʷɪʷʷʷʷʷʷʷʷʷʷʷʷʷʷʷʷʷʷʷʷʷʷʷʷɹɪɪ<blk>ɪɪɪ<blk>ɪ<blk>ɪǂ<blk><blk>ɪ<blk><blk>ʷʷʷʷǂʷʷ<blk>ʷ<blk>ǂ<blk>ʷ<blk>ɪɨtɨʷfʷʷʷɪʷʷʷɪ<blk>ʷʷɪʷ<blk>ɪʷ<blk>ɪʷɪtʷɪɪɪɪ<blk><blk><blk>ɪɹɹ<blk><blk><blk><blk><blk>ɹ<blk><blk>
221,9,ká nɔ́nà lɛ̀ŋgàló t̪àwìðì,negative,ðɔ̀mɔ̀cɔ̀,283.7720642089844,56.72685241699219,ɪ<blk><blk><blk><blk>ɪɪ<blk><blk><blk>ʷɨbʷ<blk>ʷʷʷʷʷʷʷʷɨʷʷʷʷʷʷʷʷʷ<blk>ʷʷʟʷʷʷʎfʷ<blk>ʷ<blk><blk><blk>ǂ<blk>ʷʷbɪʷʷ<blk>ʷ<blk>ʷ<blk>ʷ<blk>ʷʷʷʷ<blk><blk>ɹʷɹʷʷɨ<blk>ʷ<blk>ʷʷʷʷʷʷbʷ<blk>ʷ<blk><blk><blk><blk><blk>b<blk><blk><blk><blk><blk><blk><blk><blk><blk><blk>ɹɹ<blk>ɹɹ<blk><blk><blk><blk><blk><blk><blk>ɹ
216,4,là kíðɛ̀ ŋɔ̀ɲà ùnɛ́ɾɛ́,negative,ðɔ̀mɔ̀cɔ̀,313.40460205078125,56.81004333496094,ɪ<blk>ɪ<blk><blk>ʷɪ<blk>ɪɪɪɪɪɨ<blk>ʎɨɪʷ<blk>ɪ<blk><blk><blk><blk>ɪɪ<blk>ɪ<blk>ɪɪǂʷʷʷʷʷ<blk><blk>ʷʷʷʷʷʷʷʷʷʷǂʷfʷʷf<blk>ʷ<blk><blk>ʷ<blk><blk><blk>ʷʷʎ<blk>ʷʷɪʷ<blk>ɨǂʷɪʟfʷʷɪ<blk><blk>ɨʷʷɪʷʜbʷɪʷ<blk><blk>ʷʷʷ<blk>ʷ<blk>ǂ<blk>ʷʷ<blk><blk><blk><blk><blk>ʷɹɹɹɹɹ
169,24,kɛ́ɾá nɔ́ðɛ̀,negative,ðɔ̀mɔ̀cɔ̀,87.62910461425781,56.83944320678711,ʷʷʷʷʷǂʷʷʷʷʷʷǂʷʷʷʷʷʷfʷʷʷʷ<blk>ɹɹ<blk><blk><blk><blk><blk><blk><blk><blk>ɸ<blk><blk><blk><blk><blk><blk><blk><blk><blk>ɹ<blk>ɹ<blk><blk>ɹ<blk><blk><blk><blk><blk><blk><blk>ɹ<blk><blk><blk>
175,4,lɔ́dà ə̀ŋná nd̪ɔ̀bà,negative,ðɔ̀mɔ̀cɔ̀,272.3164978027344,56.89957809448242,<blk><blk>ɪɪɪǂ<blk>ɪʷʷʷʷʷʷʷʷʷɪʷʷʷʷʷʷʷ<blk>ʷʷtʷʷǂʷʷʷʷʷʷʷʷ<blk>ʷǂǂʷɥʷʷʷʷʷ<blk>ʷʷʷʷʷ<blk><blk>ʷʷʷʷʷ<blk>fʷʷʷ<blk>ʷʷʷʷʷʷʷʷɪʷɪʷǂʷʷ<blk>ʷʷ<blk>ɹ
176,5,lə́lə̀ŋáɲà lìcə̀lò,negative,ðɔ̀mɔ̀cɔ̀,251.99282836914065,57.61435317993164,ɪɪɪ<blk><blk><blk>ɪ<blk><blk>ɪʷʟʷɹb<blk>ʷʷʷʷʷʷʷʷʷʷʷʷʷʷʷʷʷʷʷʷʷʷʷʷʷʟʷ<blk><blk>ɪɪʷʷʷʷǂʷʷʷʷʷʷʎʷ<blk>ʷɪɪʷʷʷʷʷʷʷʷɨɨʷʷʷɪ<blk>ʷ<blk><blk>ɪ<blk>ɪ<blk><blk>ɹɹ<blk>
132,4,àn íjɔ́ jɛ̂,negative,ðɔ̀mɔ̀cɔ̀,205.19679260253903,57.621559143066406,ɪ<blk>ɪ<blk><blk><blk>ɪ<blk>ʷʷʷʷʷʷʷʷ<blk>b<blk><blk><blk><blk><blk><blk>ʷ<blk><blk>tɪɪ<blk><blk><blk><blk>ʷʷʷʷǂǂʷfɹʷʷʷʷʷ<blk><blk>ʷtɨtʷʷǂt<blk>ǂ<blk><blk>fɨ<blk><blk><blk><blk><blk>ɸ<blk><blk>ɪɸ
133,5,kúkù kápɔ́ índɔ̀,negative,ðɔ̀mɔ̀cɔ̀,177.11224365234375,60.14399337768555,<blk>ɪ<blk>ɪ<blk>ɪɪ<blk><blk><blk><blk>tɹ<blk>ɹɪ<blk><blk>t<blk><blk><blk>ɪ<blk>ɹ<blk><blk>ɹɪɨ<blk>bʷ<blk>ʷʷb<blk><blk><blk><blk>ɹ<blk>ɪɹ<blk>ɹɪ<blk>ɹɪ<blk>bɹb<blk><blk><blk>ɪ<blk><blk>ɪ<blk><blk>f<blk>ɹ<blk>ɪ<blk><blk>ɹɪɪ
